Christian	Tueffers	christian.tueffers@techbank.com	manage	Frankfurt	Germany	christian.tueffers@techbank.com.jpg
Jure	Zakotnik	jure.zakotnik@techbank.com	cluster	Frankfurt	Germany	jure.zakotnik@techbank.com.jpg
Ingmar	Mueller	ingmar.mueller@techbank.com	ilmenau	Berlin	Germany	ingmar.mueller@techbank.com.jpg
Monika	Hoppe	monika.hoppe@techbank.com	jon	Frankfurt	Germany	monika.hoppe@techbank.com.jpg
Felix	Klamm	felix.klamm@techbank.com	password	Berlin	Germany	felix.klamm@techbank.com.jpg
Matthias	Miller	matthias.miller@techbank.com	spanien	Hamburg	Germany	matthias.miller@techbank.com.jpg
Markus	Long	markus.long@techbank.com	clojure	Hamburg	Germany	markus.long@techbank.com.jpg
Michael	Arlt	michael.arlt@techbank.com	password	Munich	Germany	michael.arlt@techbank.com.jpg
Michael	Frisch	michael.frisch@techbank.com	password	Munich	Germany	michael.frisch@techbank.com.jpg
Thomas	Michelbach	thomas.michelbach@techbank.com	saopaulo	Munich	Germany	thomas.michelbach@techbank.com.jpg
Steve	Hill	steve.hill@techbank.com	password	London	United Kingdom	steve.hill@techbank.com.jpg
Melanie	Murrende	melanie.murrende@techbank.com	password	Munich	Germany	melanie.murrende@techbank.com.jpg
Tanja	Kopatz	tanja.kopatz@techbank.com	password	Frankfurt	Germany	tanja.kopatz@techbank.com.jpg
Tom	Zapfen	thomas.zapfen@techbank.com	password	Berlin	Germany	thomas.zapfen@techbank.com.jpg
Janice	Joplin	janice.joplin@techbank.com	password	London	United Kingdom	janice.joplin@techbank.com.jpg
Arnie	Dolignan	arnaud.dolignan@techbank.com	password	Paris	France	arnaud.dolignan@techbank.com.jpg
PeterL	Boll	peter.boll@techbank.com	password	London	United Kingdom	peter.boll@techbank.com.jpg
Jere	Iglas	jeremias.iglas@techbank.com	password	Madrid	Spain	jeremias.iglas@techbank.com.jpg
Jackie	Pape	jaqueline.pape@techbank.com	password	London	United Kingdom	jaqueline.pape@techbank.com.jpg
Terry	Highgrove	terence.highgrove@techbank.com	password	London	United Kingdom	terence.highgrove@techbank.com.jpg
Gunther	Gross	gunther.gross@techbank.com	password	Hamburg	Germany	gunther.gross@techbank.com.jpg
Jimmi	Stooge	jim.stooge@techbank.com	password	London	United Kingdom	jim.stooge@techbank.com.jpg
Matthias	Zugler	matthias.zugler@techbank.com	password	Paris	France	matthias.zugler@techbank.com.jpg
Fero	Bacak	fero.bacak@techbank.com	password	Warsaw	Poland	fero.bacak@techbank.com.jpg
Katie	Price	katie.price@techbank.com	password	London	United Kingdom	katie.price@techbank.com.jpg
Jack	Rumpsy	jack.rumpsy@techbank.com	password	London	United Kingdom	jack.rumpsy@techbank.com.jpg
Peter	Lachmal	peter.lachmal@techbank.com	password	Frankfurt	Germany	peter.lachmal@techbank.com.jpg
Karina	Wocek	karina.wocek@techbank.com	password	Warsaw	Poland	karina.wocek@techbank.com.jpg
Ela	Pfeffer	michaela.pfeffer@techbank.com	password	Munich	Germany	michaela.pfeffer@techbank.com.jpg
Beate	Ohse	beathe.ohse@techbank.com	password	Hamburg	Germany	beathe.ohse@techbank.com.jpg
Alice	Weisse	alice.weisse@techbank.com	password	Paris	France	alice.weisse@techbank.com.jpg
Sebastian	Vittel	sebastian.vittel@techbank.com	password	Frankfurt	Germany	sebastian.vittel@techbank.com.jpg
Magi	Clavi	magi.clavi@techbank.com	password	Madrid	Spain	magi.clavi@techbank.com.jpg
Jogi	Law	juergen.law@techbank.com	password	London	United Kingdom	juergen.law@techbank.com.jpg
Richie	Gare	richard.gare@techbank.com	password	London	United Kingdom	richard.gare@techbank.com.jpg
Steve	Jabs	steve.jabs@techbank.com	password	Paris	France	steve.jabs@techbank.com.jpg
John	Holland	john.holland@techbank.com	password	London	United Kingdom	john.holland@techbank.com.jpg
Joe	Backerman	joseph.backerman@techbank.com	password	Frankfurt	Germany	joseph.backerman@techbank.com.jpg
Dirk	Bekkenberg	dirk.bekkenberg@techbank.com	password	Paris	France	dirk.bekkenberg@techbank.com.jpg
Vera	Rath	vera.rath@techbank.com	password	Hamburg	Germany	vera.rath@techbank.com.jpg
Markus	Tretschok	markus.tretschok@techbank.com	password	Warsaw	Poland	markus.tretschok@techbank.com.jpg
Bernhard	Mainburger	bernhard.mainburger@techbank.com	password	Frankfurt	Germany	bernhard.mainburger@techbank.com.jpg
Frieda	Heppe	frieda.heppe@techbank.com	password	Berlin	Germany	frieda.heppe@techbank.com.jpg
Volker	Matze	volker.matze@techbank.com	password	Hamburg	Germany	volker.matze@techbank.com.jpg
Jeanluc	Greedy	jeanluc.greedy@techbank.com	password	Paris	France	jeanluc.greedy@techbank.com.jpg
Rudi	Korell	rudi.korell@techbank.com	password	London	United Kingdom	rudi.korell@techbank.com.jpg
Anastasia	Gross	anastasia.gross@techbank.com	password	Warsaw	Poland	anastasia.gross@techbank.com.jpg
Frank	Fesselbrand	frank.fesselbrand@techbank.com	password	Frankfurt	Germany	frank.fesselbrand@techbank.com.jpg
Doreen	Stallburg	doreen.stallburg@techbank.com	password	Frankfurt	Germany	doreen.stallburg@techbank.com.jpg
John	Marke	john.marke@techbank.com	password	London	United Kingdom	john.marke@techbank.com.jpg
Bas	Hoffe	bas.hoffe@techbank.com	password	Paris	France	bas.hoffe@techbank.com.jpg
Hope	Soli	hope.soli@techbank.com	password	London	United Kingdom	hope.soli@techbank.com.jpg
Birger	Happel	birger.happel@techbank.com	password	Munich	Germany	birger.happel@techbank.com.jpg
Lucien	Fivre	lucien.fivre@techbank.com	password	Paris	France	lucien.fivre@techbank.com.jpg
Claus	Klapper	claus.klapper@techbank.com	password	London	United Kingdom	claus.klapper@techbank.com.jpg
Dietmar	Bur	dietmar.bur@techbank.com	password	Frankfurt	Germany	dietmar.bur@techbank.com.jpg
Mirko	Traesch	mirko.traesch@techbank.com	password	Frankfurt	Germany	mirko.traesch@techbank.com.jpg
Mario	Gamez	mario.gamez@techbank.com	password	Hamburg	Germany	mario.gamez@techbank.com.jpg
Kim	Kalig	kim.kalig@techbank.com	password	London	United Kingdom	kim.kalig@techbank.com.jpg
Brigitte	Prinz	brigitte.prinz@techbank.com	password	Frankfurt	Germany	brigitte.prinz@techbank.com.jpg
Nina	Klock	nina.klock@techbank.com	password	Frankfurt	Germany	nina.klock@techbank.com.jpg
Petra	Gerste	petra.gerste@techbank.com	password	Berlin	Germany	petra.gerste@techbank.com.jpg
Constanze	Kirre	costanze.kirre@techbank.com	password	Hamburg	Germany	costanze.kirre@techbank.com.jpg
Falk	Seibild	falk.seibild@techbank.com	password	Hamburg	Germany	falk.seibild@techbank.com.jpg
Karsten	Eschenbach	karsten.eschenbach@techbank.com	password	Frankfurt	Germany	karsten.eschenbach@techbank.com.jpg
Fred	Calm	frederik.calm@techbank.com	password	Berlin	Germany	frederik.calm@techbank.com.jpg
Sabine	Leuthauser	sabine.leuthauser@techbank.com	password	Berlin	Germany	sabine.leuthauser@techbank.com.jpg
Holger	Hals	holger.hals@techbank.com	password	Munich	Germany	holger.hals@techbank.com.jpg
Nic	Sarky	nicolas.sarky@techbank.com	password	Paris	France	nicolas.sarky@techbank.com.jpg
Angela	Merkmal	angela.merkmal@techbank.com	password	Berlin	Germany	angela.merkmal@techbank.com.jpg
Bastian	Kuhsteiger	bastian.kuhsteiger@techbank.com	password	Munich	Germany	bastian.kuhsteiger@techbank.com.jpg
Wolfgang	Schable	wolfgang.schable@techbank.com	password	Berlin	Germany	wolfgang.schable@techbank.com.jpg
Henrik	Eierlein	henrik.eierlein@techbank.com	password	Frankfurt	Germany	henrik.eierlein@techbank.com.jpg
Philip	Raesler	philip.raesler@techbank.com	password	Frankfurt	Germany	philip.raesler@techbank.com.jpg
Siegmar	Gabul	siegmar.gabuel@techbank.com	password	Frankfurt	Germany	siegmar.gabuel@techbank.com.jpg
Joachim	Pass	joachim.pass@techbank.com	password	Hamburg	Germany	joachim.pass@techbank.com.jpg
Donald	Task	donald.task@techbank.com	password	Warsaw	Poland	donald.task@techbank.com.jpg
Armin	Kapper	armin.kapper@techbank.com	password	Frankfurt	Germany	armin.kapper@techbank.com.jpg
Janusch	Loewe	janusch.loewe@techbank.com	password	Munich	Germany	janusch.loewe@techbank.com.jpg
Anne	Brown	anne.brown@techbank.com	password	London	United Kingdom	anne.brown@techbank.com.jpg
Julia	Vogelsang	julia.vogelsang@techbank.com	password	Frankfurt	Germany	julia.vogelsang@techbank.com.jpg
Gundula	Geise	gundula.geise@techbank.com	password	Berlin	Germany	gundula.geise@techbank.com.jpg
Kay	Richter	kay.richter@techbank.com	password	London	United Kingdom	kay.richter@techbank.com.jpg
Marianne	Michel	marianne.michel@techbank.com	password	Munich	Germany	marianne.michel@techbank.com.jpg
Mick	Jugger	mick.jugger@techbank.com	password	London	United Kingdom	mick.jugger@techbank.com.jpg
Jiri	Krsek	jiri.krsek@techbank.com	password	Warsaw	Poland	jiri.krsek@techbank.com.jpg
Aurelie	Kerdan	aurelie.kerdan@techbank.com	password	Paris	France	aurelie.kerdan@techbank.com.jpg
Ali	Nash	ali.nash@techbank.com	password	Paris	France	ali.nash@techbank.com.jpg
Jim	Beck	jim.beck@techbank.com	password	London	United Kingdom	jim.beck@techbank.com.jpg
Franziska	Muller	franziska.muller@techbank.com	password	Frankfurt	Germany	franziska.muller@techbank.com.jpg
Ella	Master	ella.master@techbank.com	password	London	United Kingdom	ella.master@techbank.com.jpg
Oli	Pieper	oliver.pieper@techbank.com	password	Hamburg	Germany	oliver.pieper@techbank.com.jpg
Ferdinand	Torres	ferdinand.torres@techbank.com	password	Madrid	Spain	ferdinand.torres@techbank.com.jpg
Werner	Jonason	werner.jonason@techbank.com	password	Frankfurt	Germany	werner.jonason@techbank.com.jpg
Jonas	Jux	jonas.jux@techbank.com	password	Frankfurt	Germany	jonas.jux@techbank.com.jpg
Manuel	Neiner	manuel.neiner@techbank.com	password	Munich	Germany	manuel.neiner@techbank.com.jpg
Emma	Bart	emmanuelle.bart@techbank.com	password	Paris	France	emmanuelle.bart@techbank.com.jpg
Frank	Sattler	frank.sattler@techbank.com	password	London	United Kingdom	frank.sattler@techbank.com.jpg
Matthias	Ossler	matthias.ossler@techbank.com	password	Frankfurt	Germany	matthias.ossler@techbank.com.jpg
Denise	Roth	denise.roth@techbank.com	password	Berlin	Germany	denise.roth@techbank.com.jpg
